Refdate,TYH0 Comdty,TYH17 Comdty,TYH18 Comdty,TYH19 Comdty,TYM0 Comdty,TYM17 Comdty,TYM18 Comdty,TYM19 Comdty,TYU0 Comdty,TYU17 Comdty,TYU18 Comdty,TYU19 Comdty,TYZ0 Comdty,TYZ17 Comdty,TYZ18 Comdty,TYZ19 Comdty
2017-01-03,,124.109375,,,,123.515625,,,,123.515625,,,,,,
2017-01-04,,124.109375,,,,123.5,,,,123.5,,,,,,
2017-01-05,,124.828125,,,,124.234375,,,,124.234375,,,,,,
2017-01-06,,124.40625,,,,123.8125,,,,123.8125,,,,,,
2017-01-09,,124.78125,,,,124.203125,,,,124.203125,,,,,,
2017-01-10,,124.765625,,,,124.1875,,,,124.1875,,,,,,
2017-01-11,,124.8125,,,,124.25,,,,124.25,,,,,,
2017-01-12,,124.890625,,,,124.328125,,,,124.328125,,,,,,
2017-01-13,,124.78125,,,,124.21875,,,,124.21875,,,,,,
2017-01-17,,125.234375,,,,124.671875,,,,124.671875,,,,,,
2017-01-18,,124.71875,,,,124.15625,,,,124.15625,,,,,,
2017-01-19,,124.171875,,,,123.59375,,,,124.1875,,,,,,
2017-01-20,,124.21875,,,,123.640625,,,,124.234375,,,,,,
2017-01-23,,124.8125,,,,124.265625,,,,124.859375,,,,,,
2017-01-24,,124.21875,,,,123.640625,,,,124.234375,,,,,,
2017-01-25,,123.8125,,,,123.234375,,,,123.828125,,,,,,
2017-01-26,,123.96875,,,,123.390625,,,,123.03125,,,,,,
2017-01-27,,124.171875,,,,123.609375,,,,123.25,,,,,,
2017-01-30,,124.21875,,,,123.65625,,,,123.296875,,,,,,
2017-01-31,,124.46875,,,,123.90625,,,,123.546875,,,,,,
2017-02-01,,124.328125,,,,123.765625,,,,123.40625,,,,,,
2017-02-02,,124.375,,,,123.8125,,,,123.453125,,,,,,
2017-02-03,,124.28125,,,,123.71875,,,,123.359375,,,,,,
2017-02-06,,124.9375,,,,124.390625,,,,124.03125,,,,,,
2017-02-07,,125.109375,,,,124.5625,,,,124.203125,,,,,,
2017-02-08,,125.359375,,,,124.828125,,,,124.46875,,,,,,
2017-02-09,,124.921875,,,,124.375,,,,124.015625,,,,,,
2017-02-10,,124.78125,,,,124.234375,,,,123.875,,,,,,
2017-02-13,,124.59375,,,,124.046875,,,,123.6875,,,,,,
2017-02-14,,124.234375,,,,123.6875,,,,123.328125,,,,,,
2017-02-15,,123.96875,,,,123.390625,,,,123.03125,,,,,,
2017-02-16,,124.453125,,,,123.890625,,,,123.53125,,,,,,
2017-02-17,,124.703125,,,,124.15625,,,,123.796875,,,,,,
2017-02-21,,124.703125,,,,124.15625,,,,123.796875,,,,,,
2017-02-22,,124.765625,,,,124.21875,,,,123.859375,,,,,,
2017-02-23,,125.046875,,,,124.484375,,,,124.125,,,,,,
2017-02-24,,125.609375,,,,125.09375,,,,124.734375,,,,,,
2017-02-27,,125.140625,,,,124.59375,,,,124.234375,,,,,,
2017-02-28,,125.109375,,,,124.578125,,,,124.21875,,,,,,
2017-03-01,,124.28125,,,,123.71875,,,,123.359375,,,,,,
2017-03-02,,124.078125,,,,123.5,,,,123.140625,,,,,,
2017-03-03,,124.171875,,,,123.578125,,,,123.21875,,,,,,
2017-03-06,,124.1875,,,,123.59375,,,,123.234375,,,,,,
2017-03-07,,124.046875,,,,123.453125,,,,123.09375,,,,,,
2017-03-08,,123.765625,,,,123.140625,,,,122.78125,,,,,,
2017-03-09,,123.46875,,,,122.828125,,,,122.46875,,,,,,
2017-03-10,,123.65625,,,,123.015625,,,,122.578125,,,,,,
2017-03-13,,123.46875,,,,122.796875,,,,122.21875,,,,,,
2017-03-14,,123.5625,,,,122.875,,,,122.234375,,,,,,
2017-03-15,,124.390625,,,,123.734375,,,,123.109375,,,,,,
2017-03-16,,124.234375,,,,123.59375,,,,122.984375,,,,,,
2017-03-17,,124.390625,,,,123.75,,,,123.140625,,,,,,
2017-03-20,,124.671875,,,,124.0,,,,123.40625,,,,,,
2017-03-21,,124.90625,,,,124.28125,,,,123.734375,,,,,,
2017-03-22,,125.078125,,,,124.53125,,,,124.0,,,,,,
2017-03-23,,,,,,124.40625,,,,123.890625,,,,123.890625,,
2017-03-24,,,,,,124.53125,,,,124.0,,,,124.0,,
2017-03-27,,,,,,124.671875,,,,124.15625,,,,124.15625,,
2017-03-28,,,,,,124.359375,,,,123.84375,,,,123.84375,,
2017-03-29,,,,,,124.578125,,,,124.0625,,,,124.0625,,
2017-03-30,,,,,,124.34375,,,,123.828125,,,,123.828125,,
2017-03-31,,,,,,124.5625,,,,124.046875,,,,124.046875,,
2017-04-03,,,,,,125.03125,,,,124.59375,,,,124.59375,,
2017-04-04,,,,,,125.03125,,,,124.640625,,,,124.640625,,
2017-04-05,,,,,,125.046875,,,,124.671875,,,,124.671875,,
2017-04-06,,,,,,125.125,,,,124.75,,,,124.75,,
2017-04-07,,,,,,124.8125,,,,124.421875,,,,124.421875,,
2017-04-10,,,,,,124.90625,,,,124.53125,,,,124.53125,,
2017-04-11,,,,,,125.484375,,,,125.125,,,,125.125,,
2017-04-12,,,,,,125.46875,,,,125.125,,,,125.125,,
2017-04-13,,,,,,126.078125,,,,125.75,,,,125.75,,
2017-04-17,,,,,,125.90625,,,,125.578125,,,,125.578125,,
2017-04-18,,,,,,126.515625,,,,126.203125,,,,126.203125,,
2017-04-19,,,,,,126.28125,,,,125.953125,,,,125.953125,,
2017-04-20,,,,,,125.953125,,,,125.640625,,,,125.640625,,
2017-04-21,,,,,,126.0625,,,,125.75,,,,125.75,,
2017-04-24,,,,,,125.796875,,,,125.484375,,,,125.484375,,
2017-04-25,,,,,,125.40625,,,,125.078125,,,,125.078125,,
2017-04-26,,,,,,125.5625,,,,125.234375,,,,125.234375,,
2017-04-27,,,,,,125.640625,,,,125.3125,,,,125.3125,,
2017-04-28,,,,,,125.71875,,,,125.390625,,,,125.390625,,
2017-05-01,,,,,,125.46875,,,,125.140625,,,,125.140625,,
2017-05-02,,,,,,125.703125,,,,125.359375,,,,125.359375,,
2017-05-03,,,,,,125.546875,,,,125.21875,,,,125.21875,,
2017-05-04,,,,,,125.171875,,,,124.84375,,,,124.53125,,
2017-05-05,,,,,,125.21875,,,,124.890625,,,,124.578125,,
2017-05-08,,,,,,125.0625,,,,124.734375,,,,124.421875,,
2017-05-09,,,,,,124.828125,,,,124.484375,,,,124.171875,,
2017-05-10,,,,,,124.8125,,,,124.46875,,,,124.15625,,
2017-05-11,,,,,,124.921875,,,,124.578125,,,,124.265625,,
2017-05-12,,,,,,125.46875,,,,125.140625,,,,124.828125,,
2017-05-15,,,,,,125.453125,,,,125.140625,,,,124.828125,,
2017-05-16,,,,,,125.546875,,,,125.21875,,,,124.90625,,
2017-05-17,,,,,,126.421875,,,,126.125,,,,125.8125,,
2017-05-18,,,,,,126.28125,,,,125.984375,,,,125.671875,,
2017-05-19,,,,,,126.1875,,,,125.890625,,,,125.578125,,
2017-05-22,,,,,,126.125,,,,125.828125,,,,125.515625,,
2017-05-23,,,,,,125.859375,,,,125.5625,,,,125.25,,
2017-05-24,,,,,,126.0625,,,,125.765625,,,,125.453125,,
2017-05-25,,,,,,126.171875,,,,125.859375,,,,125.546875,,
2017-05-26,,,,,,126.1875,,,,125.890625,,,,125.578125,,
2017-05-30,,,,,,126.4375,,,,126.15625,,,,125.84375,,
2017-05-31,,,,,,126.5625,,,,126.296875,,,,125.984375,,
2017-06-01,,,,,,126.453125,,,,126.1875,,,,125.875,,
2017-06-02,,,,,,126.890625,,,,126.640625,,,,126.328125,,
2017-06-05,,,,,,126.734375,,,,126.46875,,,,126.15625,,
2017-06-06,,,,,,127.015625,,,,126.765625,,,,126.453125,,
2017-06-07,,,,,,126.78125,,,,126.53125,,,,126.15625,,
2017-06-08,,,,,,126.703125,,,,126.453125,,,,126.078125,,
2017-06-09,,,,,,126.65625,,,,126.421875,,,,126.046875,,
2017-06-12,,,,,,126.5625,,,,126.328125,,,,125.953125,,
2017-06-13,,,,,,126.609375,,,,126.375,,,,126.0,,
2017-06-14,,,,,,127.109375,,,,126.921875,,,,126.546875,,
2017-06-15,,,,,,126.84375,,,,126.640625,,,,126.3125,,
2017-06-16,,,,,,126.921875,,,,126.75,,,,126.4375,,
2017-06-19,,,,,,126.65625,,,,126.453125,,,,126.140625,,
2017-06-20,,,,,,126.921875,,,,126.75,,,,126.4375,,
2017-06-21,,,126.375,,,126.84375,,,,126.671875,,,,126.375,,
2017-06-22,,,126.0,,,,,,,126.671875,,,,126.375,,
2017-06-23,,,126.0625,,,,,,,126.734375,,,,126.4375,,
2017-06-26,,,126.109375,,,,,,,126.78125,,,,126.484375,,
2017-06-27,,,125.578125,,,,,,,126.28125,,,,125.953125,,
2017-06-28,,,125.515625,,,,,,,126.203125,,,,125.890625,,
2017-06-29,,,125.109375,,,,,,,125.8125,,,,125.484375,,
2017-06-30,,,124.8125,,,,,,,125.53125,,,,125.1875,,
2017-07-03,,,124.375,,,,,,,125.109375,,,,124.75,,
2017-07-05,,,124.484375,,,,,,,125.21875,,,,124.859375,,
2017-07-06,,,124.234375,,,,,,,124.984375,,,,124.609375,,
2017-07-07,,,124.09375,,,,,,,124.84375,,,,124.46875,,
2017-07-10,,,124.3125,,,,,,,125.078125,,,,124.6875,,
2017-07-11,,,124.40625,,,,,,,125.171875,,,,124.78125,,
2017-07-12,,,124.765625,,,,,,,125.515625,,,,125.140625,,
2017-07-13,,,124.65625,,,,,,,125.40625,,,,125.03125,,
2017-07-14,,,124.921875,,,,,,,125.671875,,,,125.296875,,
2017-07-17,,,125.0,,,,,,,125.75,,,,125.375,,
2017-07-18,,,125.390625,,,,,,,126.109375,,,,125.765625,,
2017-07-19,,,125.328125,,,,,,,126.046875,,,,125.703125,,
2017-07-20,,,125.34375,,,,,,,126.0625,,,,125.71875,,
2017-07-21,,,125.609375,,,,,,,126.3125,,,,125.984375,,
2017-07-24,,,125.453125,,,,,,,126.15625,,,,125.828125,,
2017-07-25,,,124.84375,,,,,,,125.578125,,,,125.21875,,
2017-07-26,,,125.296875,,,,,,,126.015625,,,,125.671875,,
2017-07-27,,,125.109375,,,,,,,125.828125,,,,125.484375,,
2017-07-28,,,125.234375,,,,,,,125.953125,,,,125.609375,,
2017-07-31,,,125.171875,,,,,,,125.890625,,,,125.546875,,
2017-08-01,,,125.53125,,,,,,,126.234375,,,,125.90625,,
2017-08-02,,,125.40625,,,,,,,126.109375,,,,125.78125,,
2017-08-03,,,125.65625,,,,,,,126.359375,,,,126.03125,,
2017-08-04,,,125.375,,,,,,,126.078125,,,,125.75,,
2017-08-07,,,125.46875,,,,,,,126.171875,,,,125.84375,,
2017-08-08,,,125.296875,,,,,,,126.015625,,,,125.671875,,
2017-08-09,,,125.640625,,,,,,,126.34375,,,,126.015625,,
2017-08-10,,,125.875,,,,,,,126.5625,,,,126.25,,
2017-08-11,,,126.125,,,,,,,126.8125,,,,126.5,,
2017-08-14,,,125.859375,,,,,,,126.546875,,,,126.234375,,
2017-08-15,,,125.453125,,,,,,,126.15625,,,,125.828125,,
2017-08-16,,,125.828125,,,,,,,126.515625,,,,126.203125,,
2017-08-17,,,126.046875,,,,,,,126.71875,,,,126.421875,,
2017-08-18,,,126.078125,,,,,,,126.75,,,,126.453125,,
2017-08-21,,,126.171875,,,,,,,126.84375,,,,126.546875,,
2017-08-22,,,125.890625,,,,,,,126.5625,,,,126.265625,,
2017-08-23,,,126.265625,,,,,,,126.921875,,,,126.640625,,
2017-08-24,,,126.03125,,,,,,,126.6875,,,,126.40625,,
2017-08-25,,,126.234375,,,,,,,126.875,,,,126.609375,,
2017-08-28,,,126.359375,,,,,,,127.0,,,,126.734375,,
2017-08-29,,,126.5625,,,,,,,127.1875,,,,126.9375,,
2017-08-30,,,126.4375,,,,,,,127.078125,,,,126.8125,,
2017-08-31,,,126.609375,,,,,,,127.25,,,,126.984375,,
2017-09-01,,,126.296875,,,,,,,126.953125,,,,126.671875,,
2017-09-05,,,127.046875,,,,,,,127.671875,,,,127.421875,,
2017-09-06,,,126.71875,,,,,,,127.34375,,,,127.09375,,
2017-09-07,,,127.140625,,,,,,,127.765625,,,,127.515625,,
2017-09-08,,,127.1875,,,,,,,127.75,,,,127.5,,
2017-09-11,,,126.6875,,,,,,,127.25,,,,127.0,,
2017-09-12,,,126.328125,,,,,,,126.90625,,,,126.640625,,
2017-09-13,,,126.140625,,,,,,,126.71875,,,,126.453125,,
2017-09-14,,,126.09375,,,,,,,126.6875,,,,126.40625,,
2017-09-15,,,126.0,,,,,,,126.59375,,,,126.3125,,
2017-09-18,,,125.765625,,,,,,,126.375,,,,126.078125,,
2017-09-19,,,125.671875,,,,,,,126.28125,,,,125.984375,,
2017-09-20,,,125.296875,,,,125.296875,,,126.34375,,,,125.625,,
2017-09-21,,,125.296875,,,,125.15625,,,,,,,125.625,,
2017-09-22,,,125.421875,,,,125.28125,,,,,,,125.734375,,
2017-09-25,,,125.765625,,,,125.625,,,,,,,126.0625,,
2017-09-26,,,125.703125,,,,125.5625,,,,,,,126.0,,
2017-09-27,,,125.109375,,,,124.96875,,,,,,,125.4375,,
2017-09-28,,,125.234375,,,,125.09375,,,,,,,125.546875,,
2017-09-29,,,124.984375,,,,124.84375,,,,,,,125.3125,,
2017-10-02,,,124.90625,,,,124.765625,,,,,,,125.25,,
2017-10-03,,,125.0,,,,124.859375,,,,,,,125.328125,,
2017-10-04,,,125.0,,,,124.859375,,,,,,,125.328125,,
2017-10-05,,,124.8125,,,,124.671875,,,,,,,125.15625,,
2017-10-06,,,124.6875,,,,124.546875,,,,,,,125.03125,,
2017-10-09,,,124.75,,,,124.609375,,,,,,,125.09375,,
2017-10-10,,,124.9375,,,,124.796875,,,,,,,125.265625,,
2017-10-11,,,124.890625,,,,124.75,,,,,,,125.234375,,
2017-10-12,,,125.0625,,,,124.921875,,,,,,,125.390625,,
2017-10-13,,,125.375,,,,125.234375,,,,,,,125.703125,,
2017-10-16,,,125.109375,,,,124.96875,,,,,,,125.421875,,
2017-10-17,,,125.125,,,,124.984375,,,,,,,125.4375,,
2017-10-18,,,124.828125,,,,124.6875,,,,,,,125.140625,,
2017-10-19,,,124.953125,,,,124.78125,,,,,,,125.265625,,
2017-10-20,,,124.484375,,,,124.3125,,,,,,,124.828125,,
2017-10-23,,,124.59375,,,,124.421875,,,,,,,124.921875,,
2017-10-24,,,124.390625,,,,124.21875,,,,,,,124.734375,,
2017-10-25,,,124.078125,,,,123.90625,,,,,,,124.453125,,
2017-10-26,,,124.0,,,,123.828125,,,,,,,124.375,,
2017-10-27,,,124.234375,,,,124.0625,,,,,,,124.59375,,
2017-10-30,,,124.671875,,,,124.5,,,,,,,125.015625,,
2017-10-31,,,124.609375,,,,124.4375,,,,,,,124.9375,,
2017-11-01,,,124.578125,,,,124.40625,,,,,,,124.90625,,
2017-11-02,,,124.828125,,,,124.640625,,,,,,,125.140625,,
2017-11-03,,,124.84375,,,,124.625,,,,,,,125.15625,,
2017-11-06,,,125.078125,,,,124.859375,,,,,,,125.359375,,
2017-11-07,,,125.140625,,,,124.921875,,,,,,,125.421875,,
2017-11-08,,,124.96875,,,,124.75,,,,,,,125.25,,
2017-11-09,,,124.90625,,,,124.6875,,,,,,,125.1875,,
2017-11-10,,,124.390625,,,,124.171875,,,,,,,124.703125,,
2017-11-13,,,124.328125,,,,124.09375,,,,,,,124.625,,
2017-11-14,,,124.4375,,,,124.203125,,,,,,,124.734375,,
2017-11-15,,,124.765625,,,,124.53125,,,,,,,125.046875,,
2017-11-16,,,124.578125,,,,124.34375,,,,,,,124.859375,,
2017-11-17,,,124.625,,,,124.390625,,,,,,,124.90625,,
2017-11-20,,,124.421875,,,,124.1875,,,,,,,124.6875,,
2017-11-21,,,124.421875,,,,124.1875,,,,,,,124.6875,,
2017-11-22,,,124.859375,,,,124.625,,,,,,,125.109375,,
2017-11-24,,,124.71875,,,,124.484375,,,,,,,124.96875,,
2017-11-27,,,124.890625,,,,124.625,,,,,,,125.125,,
2017-11-28,,,124.734375,,,,124.46875,,,,,,,124.96875,,
2017-11-29,,,124.46875,,,,124.203125,,,,,,,124.71875,,
2017-11-30,,,124.046875,,,,123.78125,,,,,,,124.3125,,
2017-12-01,,,124.421875,,,,124.15625,,,,,,,124.671875,,
2017-12-04,,,124.25,,,,123.984375,,,,,,,124.5,,
2017-12-05,,,124.34375,,,,124.078125,,,,,,,124.59375,,
2017-12-06,,,124.59375,,,,124.328125,,,,,,,124.828125,,
2017-12-07,,,124.28125,,,,124.015625,,,,,,,124.515625,,
2017-12-08,,,124.265625,,,,124.0,,,,,,,124.515625,,
2017-12-11,,,124.265625,,,,124.0,,,,,,,124.5,,
2017-12-12,,,124.125,,,,123.859375,,,,,,,124.359375,,
2017-12-13,,,124.609375,,,,124.34375,,,,,,,124.828125,,
2017-12-14,,,124.5625,,,,124.296875,,,,,,,124.78125,,
2017-12-15,,,124.421875,,,,124.15625,,,,,,,124.640625,,
2017-12-18,,,124.234375,,,,123.96875,,,,123.96875,,,124.453125,,
2017-12-19,,,123.6875,,,,123.40625,,,,123.40625,,,123.875,,
2017-12-20,,,123.453125,,,,123.140625,,,,122.671875,,,,,
2017-12-21,,,123.515625,,,,123.15625,,,,122.6875,,,,,
2017-12-22,,,123.46875,,,,123.09375,,,,122.625,,,,,
2017-12-26,,,123.625,,,,123.265625,,,,122.796875,,,,,
2017-12-27,,,123.984375,,,,123.65625,,,,123.1875,,,,,
2017-12-28,,,123.84375,,,,123.53125,,,,123.0625,,,,,
2017-12-29,,,124.046875,,,,123.734375,,,,123.265625,,,,,
2018-01-02,,,123.6875,,,,123.375,,,,122.90625,,,,,
2018-01-03,,,123.78125,,,,123.46875,,,,123.0,,,,,
2018-01-04,,,123.671875,,,,123.359375,,,,122.890625,,,,,
2018-01-05,,,123.515625,,,,123.1875,,,,122.71875,,,,,
2018-01-08,,,123.484375,,,,123.15625,,,,122.6875,,,,,
2018-01-09,,,123.046875,,,,122.6875,,,,122.21875,,,,,
2018-01-10,,,123.0,,,,122.609375,,,,122.140625,,,,,
2018-01-11,,,123.125,,,,122.734375,,,,122.265625,,,,,
2018-01-12,,,122.9375,,,,122.546875,,,,122.078125,,,,,
2018-01-16,,,122.984375,,,,122.59375,,,,122.125,,,,,
2018-01-17,,,122.65625,,,,122.25,,,,121.78125,,,,,
2018-01-18,,,122.453125,,,,122.0,,,,121.53125,,,,,
2018-01-19,,,122.28125,,,,121.8125,,,,121.34375,,,,,
2018-01-22,,,122.09375,,,,121.59375,,,,121.125,,,,,
2018-01-23,,,122.421875,,,,121.9375,,,,121.46875,,,,,
2018-01-24,,,122.203125,,,,121.734375,,,,121.265625,,,,,
2018-01-25,,,122.4375,,,,121.984375,,,,121.515625,,,,,
2018-01-26,,,122.0625,,,,121.609375,,,,121.140625,,,,,
2018-01-29,,,121.8125,,,,121.328125,,,,120.859375,,,,,
2018-01-30,,,121.640625,,,,121.15625,,,,120.6875,,,,,
2018-01-31,,,121.578125,,,,121.09375,,,,120.625,,,,,
2018-02-01,,,121.21875,,,,120.71875,,,,120.25,,,,,
2018-02-02,,,120.734375,,,,120.15625,,,,119.6875,,,,,
2018-02-05,,,121.265625,,,,120.734375,,,,120.265625,,,,,
2018-02-06,,,121.484375,,,,120.96875,,,,120.5,,,,,
2018-02-07,,,121.0,,,,120.4375,,,,119.96875,,,,,
2018-02-08,,,120.890625,,,,120.3125,,,,119.84375,,,,,
2018-02-09,,,121.171875,,,,120.609375,,,,120.140625,,,,,
2018-02-12,,,120.890625,,,,120.328125,,,,119.859375,,,,,
2018-02-13,,,121.0,,,,120.4375,,,,119.96875,,,,,
2018-02-14,,,120.328125,,,,119.71875,,,,119.25,,,,,
2018-02-15,,,120.453125,,,,119.859375,,,,119.390625,,,,,
2018-02-16,,,120.578125,,,,120.015625,,,,119.546875,,,,,
2018-02-20,,,120.484375,,,,119.90625,,,,119.4375,,,,,
2018-02-21,,,120.203125,,,,119.609375,,,,119.140625,,,,,
2018-02-22,,,120.421875,,,,119.84375,,,,119.375,,,,,
2018-02-23,,,120.734375,,,,120.171875,,,,119.703125,,,,,
2018-02-26,,,120.828125,,,,120.265625,,,,119.796875,,,,,
2018-02-27,,,120.390625,,,,119.796875,,,,119.328125,,,,,
2018-02-28,,,120.65625,,,,120.046875,,,,119.578125,,,,,
2018-03-01,,,121.203125,,,,120.609375,,,,120.140625,,,,,
2018-03-02,,,120.796875,,,,120.1875,,,,119.71875,,,,,
2018-03-05,,,120.65625,,,,120.03125,,,,119.5625,,,,,
2018-03-06,,,120.671875,,,,120.03125,,,,119.5625,,,,,
2018-03-07,,,120.640625,,,,120.03125,,,,119.5625,,,,,
2018-03-08,,,120.796875,,,,120.171875,,,,119.8125,,,,,
2018-03-09,,,120.65625,,,,120.03125,,,,119.6875,,,,,
2018-03-12,,,120.84375,,,,120.203125,,,,119.859375,,,,,
2018-03-13,,,120.921875,,,,120.328125,,,,119.984375,,,,,
2018-03-14,,,121.140625,,,,120.546875,,,,120.203125,,,,,
2018-03-15,,,121.09375,,,,120.5,,,,120.15625,,,,,
2018-03-16,,,120.96875,,,,120.34375,,,,120.0,,,,,
2018-03-19,,,121.0,,,,120.390625,,,,120.046875,,,,,
2018-03-20,,,120.71875,,,,120.09375,,,,119.75,,,,119.75,
2018-03-21,,,,,,,119.953125,,,,119.625,,,,119.625,
2018-03-22,,,,,,,120.515625,,,,120.21875,,,,120.09375,
2018-03-23,,,,,,,120.609375,,,,120.328125,,,,120.203125,
2018-03-26,,,,,,,120.46875,,,,120.1875,,,,120.0625,
2018-03-27,,,,,,,120.90625,,,,120.640625,,,,120.515625,
2018-03-28,,,,,,,120.90625,,,,120.671875,,,,120.546875,
2018-03-29,,,,,,,121.140625,,,,120.890625,,,,120.765625,
2018-04-02,,,,,,,121.265625,,,,121.03125,,,,120.90625,
2018-04-03,,,,,,,120.84375,,,,120.609375,,,,120.484375,
2018-04-04,,,,,,,120.828125,,,,120.578125,,,,120.453125,
2018-04-05,,,,,,,120.5625,,,,120.28125,,,,120.15625,
2018-04-06,,,,,,,121.015625,,,,120.75,,,,120.625,
2018-04-09,,,,,,,120.90625,,,,120.640625,,,,120.515625,
2018-04-10,,,,,,,120.765625,,,,120.484375,,,,120.359375,
2018-04-11,,,,,,,120.84375,,,,120.59375,,,,120.46875,
2018-04-12,,,,,,,120.46875,,,,120.203125,,,,120.078125,
2018-04-13,,,,,,,120.484375,,,,120.21875,,,,120.09375,
2018-04-16,,,,,,,120.46875,,,,120.203125,,,,120.078125,
2018-04-17,,,,,,,120.5625,,,,120.296875,,,,120.171875,
2018-04-18,,,,,,,120.140625,,,,119.859375,,,,119.734375,
2018-04-19,,,,,,,119.828125,,,,119.5,,,,119.375,
2018-04-20,,,,,,,119.546875,,,,119.21875,,,,119.09375,
2018-04-23,,,,,,,119.328125,,,,118.984375,,,,118.859375,
2018-04-24,,,,,,,119.328125,,,,118.984375,,,,118.859375,
2018-04-25,,,,,,,119.078125,,,,118.703125,,,,118.578125,
2018-04-26,,,,,,,119.3125,,,,118.953125,,,,118.828125,
2018-04-27,,,,,,,119.5,,,,119.15625,,,,119.03125,
2018-04-30,,,,,,,119.625,,,,119.28125,,,,119.15625,
2018-05-01,,,,,,,119.375,,,,119.03125,,,,118.90625,
2018-05-02,,,,,,,119.515625,,,,119.15625,,,,119.03125,
2018-05-03,,,,,,,119.6875,,,,119.34375,,,,119.21875,
2018-05-04,,,,,,,119.703125,,,,119.359375,,,,119.234375,
2018-05-07,,,,,,,119.6875,,,,119.359375,,,,119.234375,
2018-05-08,,,,,,,119.515625,,,,119.1875,,,,119.0625,
2018-05-09,,,,,,,119.265625,,,,118.921875,,,,118.796875,
2018-05-10,,,,,,,119.390625,,,,119.046875,,,,118.921875,
2018-05-11,,,,,,,119.40625,,,,119.078125,,,,118.953125,
2018-05-14,,,,,,,119.25,,,,118.90625,,,,118.78125,
2018-05-15,,,,,,,118.609375,,,,118.21875,,,,118.09375,
2018-05-16,,,,,,,118.546875,,,,118.15625,,,,118.03125,
2018-05-17,,,,,,,118.515625,,,,118.125,,,,118.0,
2018-05-18,,,,,,,118.84375,,,,118.484375,,,,118.359375,
2018-05-21,,,,,,,118.84375,,,,118.46875,,,,118.34375,
2018-05-22,,,,,,,118.875,,,,118.515625,,,,118.390625,
2018-05-23,,,,,,,119.390625,,,,119.0625,,,,118.9375,
2018-05-24,,,,,,,119.5,,,,119.171875,,,,119.046875,
2018-05-25,,,,,,,119.859375,,,,119.53125,,,,119.40625,
2018-05-29,,,,,,,121.234375,,,,120.9375,,,,120.8125,
2018-05-30,,,,,,,120.609375,,,,120.296875,,,,120.171875,
2018-05-31,,,,,,,120.734375,,,,120.4375,,,,120.3125,
2018-06-01,,,,,,,120.171875,,,,119.84375,,,,119.71875,
2018-06-04,,,,,,,119.828125,,,,119.5,,,,119.375,
2018-06-05,,,,,,,120.03125,,,,119.703125,,,,119.578125,
2018-06-06,,,,,,,119.625,,,,119.28125,,,,119.15625,
2018-06-07,,,,,,,119.921875,,,,119.59375,,,,119.46875,
2018-06-08,,,,,,,119.921875,,,,119.59375,,,,119.46875,
2018-06-11,,,,,,,119.765625,,,,119.4375,,,,119.3125,
2018-06-12,,,,,,,119.734375,,,,119.40625,,,,119.28125,
2018-06-13,,,,,,,119.515625,,,,119.1875,,,,119.0625,
2018-06-14,,,,,,,119.75,,,,119.4375,,,,119.25,
2018-06-15,,,,,,,119.890625,,,,119.59375,,,,119.40625,
2018-06-18,,,,,,,119.90625,,,,119.59375,,,,119.40625,
2018-06-19,,,,,,,120.140625,,,,119.84375,,,,119.65625,
2018-06-20,,,,119.421875,,,119.96875,,,,119.609375,,,,119.421875,
2018-06-21,,,,119.671875,,,,,,,119.859375,,,,119.671875,
2018-06-22,,,,119.609375,,,,,,,119.828125,,,,119.609375,
2018-06-25,,,,119.5625,,,,,,,120.03125,,,,119.78125,
2018-06-26,,,,119.5625,,,,,,,120.0,,,,119.78125,
2018-06-27,,,,119.984375,,,,,,,120.390625,,,,120.203125,
2018-06-28,,,,119.765625,,,,,,,120.1875,,,,119.984375,
2018-06-29,,,,119.78125,,,,,,,120.1875,,,,120.0,
2018-07-02,,,,119.65625,,,,,,,120.078125,,,,119.875,
2018-07-03,,,,119.890625,,,,,,,120.3125,,,,120.109375,
2018-07-05,,,,119.84375,,,,,,,120.25,,,,120.0625,
2018-07-06,,,,119.9375,,,,,,,120.34375,,,,120.15625,
2018-07-09,,,,119.71875,,,,,,,120.125,,,,119.9375,
2018-07-10,,,,119.609375,,,,,,,120.015625,,,,119.828125,
2018-07-11,,,,119.859375,,,,,,,120.25,,,,120.078125,
2018-07-12,,,,119.765625,,,,,,,120.15625,,,,119.984375,
2018-07-13,,,,119.984375,,,,,,,120.359375,,,,120.203125,
2018-07-16,,,,119.78125,,,,,,,120.171875,,,,120.0,
2018-07-17,,,,119.734375,,,,,,,120.125,,,,119.953125,
2018-07-18,,,,119.671875,,,,,,,120.0625,,,,119.890625,
2018-07-19,,,,119.921875,,,,,,,120.296875,,,,120.140625,
2018-07-20,,,,119.59375,,,,,,,119.984375,,,,119.8125,
2018-07-23,,,,119.078125,,,,,,,119.484375,,,,119.296875,
2018-07-24,,,,119.15625,,,,,,,119.5625,,,,119.375,
2018-07-25,,,,119.25,,,,,,,119.65625,,,,119.46875,
2018-07-26,,,,118.921875,,,,,,,119.34375,,,,119.140625,
2018-07-27,,,,119.015625,,,,,,,119.4375,,,,119.234375,
2018-07-30,,,,118.953125,,,,,,,119.375,,,,119.171875,
2018-07-31,,,,119.0,,,,,,,119.421875,,,,119.21875,
2018-08-01,,,,118.734375,,,,,,,119.171875,,,,118.953125,
2018-08-02,,,,118.875,,,,,,,119.328125,,,,119.09375,
2018-08-03,,,,119.1875,,,,,,,119.609375,,,,119.40625,
2018-08-06,,,,119.3125,,,,,,,119.734375,,,,119.53125,
2018-08-07,,,,119.046875,,,,,,,119.46875,,,,119.265625,
2018-08-08,,,,119.09375,,,,,,,119.5,,,,119.3125,
2018-08-09,,,,119.3125,,,,,,,119.71875,,,,119.53125,
2018-08-10,,,,120.015625,,,,,,,120.375,,,,120.234375,
2018-08-13,,,,119.875,,,,,,,120.25,,,,120.09375,
2018-08-14,,,,119.734375,,,,,,,120.109375,,,,119.953125,
2018-08-15,,,,120.078125,,,,,,,120.4375,,,,120.296875,
2018-08-16,,,,119.90625,,,,,,,120.265625,,,,120.125,
2018-08-17,,,,119.90625,,,,,,,120.25,,,,120.125,
2018-08-20,,,,120.28125,,,,,,,120.625,,,,120.5,
2018-08-21,,,,120.109375,,,,,,,120.453125,,,,120.328125,
2018-08-22,,,,120.28125,,,,,,,120.625,,,,120.5,
2018-08-23,,,,120.265625,,,,,,,120.59375,,,,120.484375,
2018-08-24,,,,120.171875,,,,,,,120.515625,,,,120.390625,
2018-08-27,,,,120.015625,,,,,,,120.34375,,,,120.234375,
2018-08-28,,,,119.765625,,,,,,,120.09375,,,,119.984375,
2018-08-29,,,,119.75,,,,,,,120.09375,,,,119.96875,
2018-08-30,,,,119.9375,,,,,,,120.265625,,,,120.15625,
2018-08-31,,,,120.046875,,,,,,,120.390625,,,,120.265625,
2018-09-04,,,,119.703125,,,,,,,120.0625,,,,119.921875,
2018-09-05,,,,119.734375,,,,,,,120.09375,,,,119.953125,
2018-09-06,,,,119.953125,,,,,,,120.296875,,,,120.171875,
2018-09-07,,,,119.421875,,,,,,,119.796875,,,,119.640625,
2018-09-10,,,,119.4375,,,,,,,119.8125,,,,119.65625,
2018-09-11,,,,119.109375,,,,,,,119.5,,,,119.328125,
2018-09-12,,,,119.21875,,,,,,,119.609375,,,,119.4375,
2018-09-13,,,,119.203125,,,,,,,119.59375,,,,119.421875,
2018-09-14,,,,119.0,,,,,,,119.359375,,,,119.171875,
2018-09-17,,,,118.953125,,,,,,,119.3125,,,,119.125,
2018-09-18,,,,118.625,,,,,,,118.984375,,,,118.796875,
2018-09-19,,,,118.390625,,,,118.390625,,,118.859375,,,,118.5625,
2018-09-20,,,,118.390625,,,,118.390625,,,,,,,118.59375,
2018-09-21,,,,118.4375,,,,118.4375,,,,,,,118.671875,
2018-09-24,,,,118.375,,,,118.375,,,,,,,118.625,
2018-09-25,,,,118.1875,,,,118.1875,,,,,,,118.453125,
2018-09-26,,,,118.5,,,,118.5,,,,,,,118.734375,
2018-09-27,,,,118.5,,,,118.5,,,,,,,118.75,
2018-09-28,,,,118.546875,,,,118.546875,,,,,,,118.78125,
2018-10-01,,,,118.4375,,,,118.4375,,,,,,,118.671875,
2018-10-02,,,,118.578125,,,,118.578125,,,,,,,118.8125,
2018-10-03,,,,117.859375,,,,117.859375,,,,,,,118.125,
2018-10-04,,,,117.59375,,,,117.59375,,,,,,,117.859375,
2018-10-05,,,,117.390625,,,,117.390625,,,,,,,117.671875,
2018-10-08,,,,117.40625,,,,117.40625,,,,,,,117.703125,
2018-10-09,,,,117.53125,,,,117.53125,,,,,,,117.8125,
2018-10-10,,,,117.46875,,,,117.46875,,,,,,,117.75,
2018-10-11,,,,118.125,,,,118.125,,,,,,,118.390625,
2018-10-12,,,,118.078125,,,,118.078125,,,,,,,118.34375,
2018-10-15,,,,117.890625,,,,117.890625,,,,,,,118.15625,
2018-10-16,,,,117.953125,,,,117.953125,,,,,,,118.21875,
2018-10-17,,,,117.765625,,,,117.765625,,,,,,,118.046875,
2018-10-18,,,,117.859375,,,,117.859375,,,,,,,118.140625,
2018-10-19,,,,117.65625,,,,117.65625,,,,,,,117.953125,
2018-10-22,,,,117.703125,,,,117.703125,,,,,,,118.0,
2018-10-23,,,,118.0,,,,118.0,,,,,,,118.265625,
2018-10-24,,,,118.375,,,,118.375,,,,,,,118.625,
2018-10-25,,,,118.28125,,,,118.28125,,,,,,,118.53125,
2018-10-26,,,,118.8125,,,,118.8125,,,,,,,119.03125,
2018-10-29,,,,118.71875,,,,118.71875,,,,,,,118.953125,
2018-10-30,,,,118.546875,,,,118.546875,,,,,,,118.78125,
2018-10-31,,,,118.1875,,,,118.1875,,,,,,,118.4375,
2018-11-01,,,,118.328125,,,,118.328125,,,,,,,118.578125,
2018-11-02,,,,117.78125,,,,117.78125,,,,,,,118.046875,
2018-11-05,,,,117.890625,,,,117.890625,,,,,,,118.140625,
2018-11-06,,,,117.75,,,,117.75,,,,,,,118.0,
2018-11-07,,,,117.75,,,,117.75,,,,,,,117.984375,
2018-11-08,,,,117.546875,,,,117.546875,,,,,,,117.78125,
2018-11-09,,,,117.90625,,,,117.90625,,,,,,,118.125,
2018-11-12,,,,118.171875,,,,118.171875,,,,,,,118.390625,
2018-11-13,,,,118.296875,,,,118.296875,,,,,,,118.515625,
2018-11-14,,,,118.546875,,,,118.546875,,,,,,,118.75,
2018-11-15,,,,118.609375,,,,118.609375,,,,,,,118.8125,
2018-11-16,,,,118.96875,,,,118.96875,,,,,,,119.15625,
2018-11-19,,,,119.125,,,,119.125,,,,,,,119.296875,
2018-11-20,,,,119.171875,,,,119.171875,,,,,,,119.34375,
2018-11-21,,,,119.078125,,,,119.078125,,,,,,,119.234375,
2018-11-23,,,,119.125,,,,119.125,,,,,,,119.28125,
2018-11-26,,,,118.984375,,,,118.984375,,,,,,,119.140625,
2018-11-27,,,,119.109375,,,,119.109375,,,,,,,119.25,
2018-11-28,,,,119.265625,,,,119.265625,,,,,,,119.390625,
2018-11-29,,,,119.3125,,,,119.3125,,,,,,,119.421875,
2018-11-30,,,,119.453125,,,,119.453125,,,,,,,119.546875,
2018-12-03,,,,119.59375,,,,119.59375,,,,,,,119.6875,
2018-12-04,,,,120.015625,,,,119.703125,,,,,,,120.09375,
2018-12-05,,,,120.015625,,,,119.703125,,,,,,,120.09375,
2018-12-06,,,,120.40625,,,,120.09375,,,,,,,120.453125,
2018-12-07,,,,120.71875,,,,120.421875,,,,,,,120.765625,
2018-12-10,,,,120.65625,,,,120.40625,,,,,,,120.6875,
2018-12-11,,,,120.421875,,,,120.28125,,,,,,,120.453125,
2018-12-12,,,,120.234375,,,,120.125,,,,,,,120.28125,
2018-12-13,,,,120.234375,,,,120.125,,,,,,,120.28125,
2018-12-14,,,,120.390625,,,,120.328125,,,,,,,120.453125,
2018-12-17,,,,120.65625,,,,120.59375,,,,,,,120.71875,
2018-12-18,,,,120.859375,,,,120.828125,,,,120.828125,,,120.953125,
2018-12-19,,,,121.171875,,,,121.140625,,,,121.140625,,,120.921875,
2018-12-20,,,,121.0625,,,,121.109375,,,,121.109375,,,,
2018-12-21,,,,121.03125,,,,121.09375,,,,121.09375,,,,
2018-12-24,,,,121.40625,,,,121.484375,,,,121.484375,,,,
2018-12-26,,,,121.03125,,,,121.109375,,,,121.328125,,,,
2018-12-27,,,,121.53125,,,,121.640625,,,,121.859375,,,,
2018-12-28,,,,121.625,,,,121.765625,,,,121.984375,,,,
2018-12-31,,,,122.015625,,,,122.15625,,,,122.375,,,,
2019-01-02,,,,122.1875,,,,122.34375,,,,122.5625,,,,
2019-01-03,,,,123.15625,,,,123.421875,,,,123.640625,,,,
2019-01-04,,,,122.296875,,,,122.5625,,,,122.78125,,,,
2019-01-07,,,,122.046875,,,,122.328125,,,,122.546875,,,,
2019-01-08,,,,121.75,,,,122.0,,,,122.21875,,,,
2019-01-09,,,,121.71875,,,,121.96875,,,,122.1875,,,,
2019-01-10,,,,121.71875,,,,121.96875,,,,122.1875,,,,
2019-01-11,,,,121.953125,,,,122.21875,,,,122.4375,,,,
2019-01-14,,,,121.90625,,,,122.171875,,,,122.390625,,,,
2019-01-15,,,,121.90625,,,,122.171875,,,,122.390625,,,,
2019-01-16,,,,121.71875,,,,121.984375,,,,122.203125,,,,
2019-01-17,,,,121.515625,,,,121.78125,,,,122.0,,,,
2019-01-18,,,,121.171875,,,,121.40625,,,,121.328125,,,,
2019-01-22,,,,121.578125,,,,121.828125,,,,121.75,,,,
2019-01-23,,,,121.390625,,,,121.625,,,,121.546875,,,,
2019-01-24,,,,121.75,,,,122.03125,,,,121.953125,,,,
2019-01-25,,,,121.40625,,,,121.671875,,,,121.59375,,,,
2019-01-28,,,,121.5,,,,121.765625,,,,121.6875,,,,
2019-01-29,,,,121.78125,,,,122.046875,,,,121.96875,,,,
2019-01-30,,,,122.0,,,,122.265625,,,,122.1875,,,,
2019-01-31,,,,122.46875,,,,122.765625,,,,122.6875,,,,
2019-02-01,,,,121.9375,,,,122.203125,,,,122.125,,,,
2019-02-04,,,,121.71875,,,,121.96875,,,,121.890625,,,,
2019-02-05,,,,121.875,,,,122.140625,,,,122.0625,,,,
2019-02-06,,,,121.890625,,,,122.15625,,,,122.078125,,,,
2019-02-07,,,,122.28125,,,,122.578125,,,,122.5,,,,
2019-02-08,,,,122.375,,,,122.671875,,,,122.59375,,,,
2019-02-11,,,,122.125,,,,122.40625,,,,122.328125,,,,
2019-02-12,,,,121.953125,,,,122.234375,,,,122.15625,,,,
2019-02-13,,,,121.75,,,,122.03125,,,,121.953125,,,,
2019-02-14,,,,122.171875,,,,122.46875,,,,122.390625,,,,
2019-02-15,,,,122.046875,,,,122.34375,,,,122.265625,,,,
2019-02-19,,,,122.21875,,,,122.515625,,,,122.4375,,,,
2019-02-20,,,,122.15625,,,,122.46875,,,,122.390625,,,,
2019-02-21,,,,121.90625,,,,122.21875,,,,122.140625,,,,
2019-02-22,,,,122.140625,,,,122.46875,,,,122.390625,,,,
2019-02-25,,,,122.03125,,,,122.359375,,,,122.28125,,,,
2019-02-26,,,,122.328125,,,,122.671875,,,,122.59375,,,,
2019-02-27,,,,121.921875,,,,122.21875,,,,122.140625,,,,
2019-02-28,,,,121.75,,,,122.0,,,,121.921875,,,,
2019-03-01,,,,121.4375,,,,121.640625,,,,121.5625,,,,
2019-03-04,,,,121.671875,,,,121.859375,,,,121.78125,,,,
2019-03-05,,,,121.6875,,,,121.875,,,,121.796875,,,,
2019-03-06,,,,121.9375,,,,122.15625,,,,122.078125,,,,
2019-03-07,,,,122.421875,,,,122.65625,,,,122.578125,,,,
2019-03-08,,,,122.515625,,,,122.765625,,,,122.6875,,,,
2019-03-11,,,,122.40625,,,,122.640625,,,,122.5625,,,,
2019-03-12,,,,122.609375,,,,122.875,,,,122.796875,,,,
2019-03-13,,,,122.59375,,,,122.859375,,,,122.78125,,,,
2019-03-14,,,,122.453125,,,,122.703125,,,,122.625,,,,
2019-03-15,,,,122.703125,,,,122.96875,,,,122.890625,,,,
2019-03-18,,,,122.59375,,,,122.84375,,,,122.765625,,,,122.765625
2019-03-19,,,,122.5,,,,122.765625,,,,122.765625,,,,122.765625
2019-03-20,,,,122.6875,,,,123.40625,,,,123.40625,,,,123.40625
2019-03-21,,,,,,,,123.359375,,,,123.265625,,,,123.265625
2019-03-22,,,,,,,,124.03125,,,,124.140625,,,,124.140625
2019-03-25,,,,,,,,124.328125,,,,124.46875,,,,124.46875
2019-03-26,,,,,,,,124.40625,,,,124.609375,,,,124.609375
2019-03-27,,,,,,,,124.6875,,,,124.90625,,,,124.90625
2019-03-28,,,,,,,,124.5,,,,124.71875,,,,124.71875
2019-03-29,,,,,,,,124.21875,,,,124.4375,,,,124.4375
2019-04-01,,,,,,,,123.609375,,,,123.828125,,,,123.828125
2019-04-02,,,,,,,,123.765625,,,,123.984375,,,,123.984375
2019-04-03,,,,,,,,123.5,,,,123.734375,,,,123.734375
2019-04-04,,,,,,,,123.546875,,,,123.796875,,,,123.796875
2019-04-05,,,,,,,,123.59375,,,,123.828125,,,,123.828125
2019-04-08,,,,,,,,123.453125,,,,123.65625,,,,123.65625
2019-04-09,,,,,,,,123.640625,,,,123.859375,,,,123.859375
2019-04-10,,,,,,,,123.796875,,,,124.046875,,,,124.046875
2019-04-11,,,,,,,,123.5625,,,,123.8125,,,,123.8125
2019-04-12,,,,,,,,123.09375,,,,123.3125,,,,123.3125
2019-04-15,,,,,,,,123.15625,,,,123.375,,,,123.375
2019-04-16,,,,,,,,122.828125,,,,123.0,,,,123.0
2019-04-17,,,,,,,,122.859375,,,,123.015625,,,,123.015625
2019-04-18,,,,,,,,123.140625,,,,123.328125,,,,123.328125
2019-04-22,,,,,,,,122.9375,,,,123.109375,,,,123.109375
2019-04-23,,,,,,,,123.125,,,,123.296875,,,,123.296875
2019-04-24,,,,,,,,123.53125,,,,123.75,,,,123.75
2019-04-25,,,,,,,,123.390625,,,,123.59375,,,,123.59375
2019-04-26,,,,,,,,123.671875,,,,123.890625,,,,123.890625
2019-04-29,,,,,,,,123.4375,,,,123.640625,,,,123.640625
2019-04-30,,,,,,,,123.671875,,,,123.890625,,,,123.890625
2019-05-01,,,,,,,,123.578125,,,,123.796875,,,,123.796875
2019-05-02,,,,,,,,123.171875,,,,123.375,,,,123.375
2019-05-03,,,,,,,,123.34375,,,,123.546875,,,,123.546875
2019-05-06,,,,,,,,123.625,,,,123.84375,,,,123.84375
2019-05-07,,,,,,,,124.015625,,,,124.265625,,,,124.265625
2019-05-08,,,,,,,,123.75,,,,123.984375,,,,123.984375
2019-05-09,,,,,,,,123.984375,,,,124.234375,,,,124.234375
2019-05-10,,,,,,,,123.984375,,,,124.234375,,,,124.234375
2019-05-13,,,,,,,,124.421875,,,,124.6875,,,,124.6875
2019-05-14,,,,,,,,124.328125,,,,124.59375,,,,124.59375
2019-05-15,,,,,,,,124.671875,,,,124.953125,,,,124.953125
2019-05-16,,,,,,,,124.421875,,,,124.703125,,,,124.703125
2019-05-17,,,,,,,,124.484375,,,,124.78125,,,,124.78125
2019-05-20,,,,,,,,124.28125,,,,124.5625,,,,124.5625
2019-05-21,,,,,,,,124.140625,,,,124.40625,,,,124.40625
2019-05-22,,,,,,,,124.4375,,,,124.71875,,,,124.71875
2019-05-23,,,,,,,,125.203125,,,,125.53125,,,,125.53125
2019-05-24,,,,,,,,124.890625,,,,125.1875,,,,125.1875
2019-05-28,,,,,,,,125.390625,,,,125.71875,,,,125.71875
2019-05-29,,,,,,,,125.625,,,,125.953125,,,,125.953125
2019-05-30,,,,,,,,125.6875,,,,126.015625,,,,126.015625
2019-05-31,,,,,,,,126.375,,,,126.75,,,,126.75
2019-06-03,,,,,,,,126.890625,,,,127.28125,,,,127.28125
2019-06-04,,,,,,,,126.59375,,,,126.953125,,,,126.953125
2019-06-05,,,,,,,,126.640625,,,,126.984375,,,,126.984375
2019-06-06,,,,,,,,126.609375,,,,126.9375,,,,126.9375
2019-06-07,,,,,,,,126.890625,,,,127.21875,,,,127.21875
2019-06-10,,,,,,,,126.4375,,,,126.75,,,,126.78125
2019-06-11,,,,,,,,126.4375,,,,126.796875,,,,126.828125
2019-06-12,,,,,,,,126.640625,,,,126.984375,,,,127.015625
2019-06-13,,,,,,,,127.0,,,,127.359375,,,,127.390625
2019-06-14,,,,,,,,126.9375,,,,127.296875,,,,127.609375
2019-06-17,127.640625,,,,,,,126.96875,,,,127.328125,,,,127.640625
2019-06-18,127.8125,,,,,,,127.140625,,,,127.5,,,,127.8125
2019-06-19,128.171875,,,,,,,126.90625,,,,127.859375,,,,128.171875
2019-06-20,128.375,,,,,,,,,,,128.0625,,,,128.375
2019-06-21,127.78125,,,,,,,,,,,127.515625,,,,127.78125
2019-06-24,128.28125,,,,,,,,,,,127.9375,,,,128.28125
2019-06-25,128.46875,,,,,,,,,,,128.125,,,,128.46875
2019-06-26,127.9375,,,,,,,,,,,127.59375,,,,127.9375
2019-06-27,128.28125,,,,,,,,,,,127.9375,,,,128.28125
2019-06-28,128.34375,,,,,,,,,,,127.96875,,,,128.34375
2019-07-01,128.03125,,,,,,,,,,,127.6875,,,,128.03125
2019-07-02,128.515625,,,,,,,,,,,128.140625,,,,128.515625
2019-07-03,128.65625,,,,,,,,,,,128.25,,,,128.65625
2019-07-05,127.828125,,,,,,,,,,,127.46875,,,,127.828125
2019-07-08,127.875,,,,,,,,,,,127.5,,,,127.875
2019-07-09,127.671875,,,,,,,,,,,127.296875,,,,127.671875
2019-07-10,127.84375,,,,,,,,,,,127.4375,,,,127.84375
2019-07-11,127.359375,,,,,,,,,,,126.984375,,,,127.359375
2019-07-12,127.484375,,,,,,,,,,,127.109375,,,,127.484375
2019-07-15,127.546875,,,,,,,,,,,127.171875,,,,127.546875
2019-07-16,127.28125,,,,,,,,,,,126.921875,,,,127.28125
2019-07-17,127.765625,,,,,,,,,,,127.359375,,,,127.765625
2019-07-18,128.0625,,,,,,,,,,,127.640625,,,,128.0625
2019-07-19,127.96875,,,,,,,,,,,127.53125,,,,127.96875
2019-07-22,128.046875,,,,,,,,,,,127.59375,,,,128.046875
2019-07-23,127.796875,,,,,,,,,,,127.359375,,,,127.796875
2019-07-24,127.953125,,,,,,,,,,,127.515625,,,,127.953125
2019-07-25,127.703125,,,,,,,,,,,127.28125,,,,127.703125
2019-07-26,127.640625,,,,,,,,,,,127.21875,,,,127.640625
2019-07-29,127.890625,,,,,,,,,,,127.453125,,,,127.890625
2019-07-30,127.78125,,,,,,,,,,,127.34375,,,,127.78125
2019-07-31,127.890625,,,,,,,,,,,127.421875,,,,127.890625
2019-08-01,129.203125,,,,,,,,,,,128.6875,,,,129.203125
2019-08-02,129.375,,,,,,,,,,,128.859375,,,,129.375
2019-08-05,130.390625,,,,,,,,,,,129.84375,,,,130.390625
2019-08-06,130.3125,,,,,,,,,,,129.765625,,,,130.3125
2019-08-07,130.734375,,,,,,,,,,,130.15625,,,,130.734375
2019-08-08,130.484375,,,,,,,,,,,129.921875,,,,130.484375
2019-08-09,130.25,,,,,,,,,,,129.6875,,,,130.25
2019-08-12,130.96875,,,,,,,,,,,130.375,,,,130.96875
2019-08-13,130.421875,,,,,,,,,,,129.828125,,,,130.421875
2019-08-14,131.125,,,,,,,,,,,130.515625,,,,131.125
2019-08-15,131.59375,,,,,,,,,,,130.953125,,,,131.59375
2019-08-16,131.5625,,,,,,,,,,,130.921875,,,,131.5625
2019-08-19,131.0625,,,,,,,,,,,130.4375,,,,131.0625
2019-08-20,131.375,,,,,,,,,,,130.734375,,,,131.375
2019-08-21,131.171875,,,,,,,,,,,130.53125,,,,131.171875
2019-08-22,130.9375,,,,,,,,,,,130.296875,,,,130.9375
2019-08-23,131.609375,,,,,,,,,,,130.953125,,,,131.609375
2019-08-26,131.4375,,,,,,,,,,,130.78125,,,,131.4375
2019-08-27,131.796875,,,,,,,,,,,131.140625,,,,131.796875
2019-08-28,132.015625,,,,,,,,,,,131.359375,,,,132.015625
2019-08-29,131.625,,,,,,,,,,,130.953125,,,,131.625
2019-08-30,131.71875,,,,,,,,,,,131.046875,,,,131.71875
2019-09-03,132.125,,,,,,,,,,,131.453125,,,,132.125
2019-09-04,132.28125,,,,,,,,,,,131.609375,,,,132.28125
2019-09-05,131.296875,,,,,,,,,,,130.65625,,,,131.296875
2019-09-06,131.375,,,,,,,,,,,130.734375,,,,131.375
2019-09-09,130.859375,,,,,,,,,,,130.25,,,,130.859375
2019-09-10,130.15625,,,,,,,,,,,129.5625,,,,130.15625
2019-09-11,129.984375,,,,,,,,,,,129.34375,,,,129.90625
2019-09-12,129.515625,,,,,,,,,,,128.890625,,,,129.4375
2019-09-13,128.65625,,,,,,,,,,,128.078125,,,,128.578125
2019-09-16,129.140625,,,,129.140625,,,,,,,128.53125,,,,129.0625
2019-09-17,129.359375,,,,129.359375,,,,,,,128.71875,,,,129.28125
2019-09-18,129.46875,,,,129.46875,,,,,,,128.8125,,,,129.390625
2019-09-19,129.671875,,,,129.671875,,,,,,,128.921875,,,,129.59375
2019-09-20,129.765625,,,,129.765625,,,,,,,,,,,129.6875
2019-09-23,130.109375,,,,130.109375,,,,,,,,,,,130.078125
2019-09-24,130.875,,,,130.875,,,,,,,,,,,130.71875
2019-09-25,130.078125,,,,130.078125,,,,,,,,,,,129.953125
2019-09-26,130.375,,,,130.375,,,,,,,,,,,130.28125
2019-09-27,130.46875,,,,130.46875,,,,,,,,,,,130.390625
2019-09-30,130.4375,,,,130.4375,,,,,,,,,,,130.3125
2019-10-01,130.78125,,,,130.78125,,,,,,,,,,,130.65625
2019-10-02,131.28125,,,,131.28125,,,,,,,,,,,131.140625
2019-10-03,131.875,,,,131.875,,,,,,,,,,,131.75
2019-10-04,132.046875,,,,132.046875,,,,,,,,,,,131.90625
2019-10-07,131.625,,,,131.625,,,,,,,,,,,131.515625
2019-10-08,131.828125,,,,131.828125,,,,,,,,,,,131.703125
2019-10-09,131.390625,,,,131.390625,,,,,,,,,,,131.28125
2019-10-10,130.796875,,,,130.796875,,,,,,,,,,,130.703125
2019-10-11,129.90625,,,,129.90625,,,,,,,,,,,129.875
2019-10-14,130.265625,,,,130.265625,,,,,,,,,,,130.21875
2019-10-15,129.796875,,,,129.796875,,,,,,,,,,,129.765625
2019-10-16,130.015625,,,,130.015625,,,,,,,,,,,129.984375
2019-10-17,129.921875,,,,129.921875,,,,,,,,,,,129.90625
2019-10-18,130.0625,,,,130.0625,,,,,,,,,,,130.03125
2019-10-21,129.625,,,,129.625,,,,,,,,,,,129.625
2019-10-22,129.828125,,,,129.828125,,,,,,,,,,,129.8125
2019-10-23,129.875,,,,129.875,,,,,,,,,,,129.859375
2019-10-24,129.875,,,,129.875,,,,,,,,,,,129.84375
2019-10-25,129.5625,,,,129.5625,,,,,,,,,,,129.53125
2019-10-28,129.171875,,,,129.171875,,,,,,,,,,,129.15625
2019-10-29,129.28125,,,,129.28125,,,,,,,,,,,129.265625
2019-10-30,129.515625,,,,129.515625,,,,,,,,,,,129.484375
2019-10-31,130.359375,,,,130.359375,,,,,,,,,,,130.296875
2019-11-01,130.078125,,,,130.078125,,,,,,,,,,,130.015625
2019-11-04,129.609375,,,,129.609375,,,,,,,,,,,129.578125
2019-11-05,128.921875,,,,128.921875,,,,,,,,,,,128.921875
2019-11-06,129.34375,,,,129.34375,,,,,,,,,,,129.328125
2019-11-07,128.359375,,,,128.359375,,,,,,,,,,,128.390625
2019-11-08,128.359375,,,,128.359375,,,,,,,,,,,128.390625
2019-11-11,128.359375,,,,128.359375,,,,,,,,,,,128.390625
2019-11-12,128.5,,,,128.5,,,,,,,,,,,128.53125
2019-11-13,128.875,,,,128.875,,,,,,,,,,,128.890625
2019-11-14,129.359375,,,,129.359375,,,,,,,,,,,129.34375
2019-11-15,129.15625,,,,129.15625,,,,,,,,,,,129.140625
2019-11-18,129.34375,,,,129.34375,,,,,,,,,,,129.328125
2019-11-19,129.46875,,,,129.46875,,,,,,,,,,,129.4375
2019-11-20,129.859375,,,,129.859375,,,,,,,,,,,129.796875
2019-11-21,129.546875,,,,129.546875,,,,,,,,,,,129.484375
2019-11-22,129.5,,,,129.5,,,,,,,,,,,129.453125
2019-11-25,129.578125,,,,129.578125,,,,,,,,,,,129.515625
2019-11-26,129.75,,,,129.75,,,,,,,,,,,129.6875
2019-11-27,129.484375,,,,129.484375,,,,,,,,,,,129.375
2019-11-29,129.359375,,,,129.265625,,,,,,,,,,,129.296875
2019-12-02,128.90625,,,,128.8125,,,,,,,,,,,128.890625
2019-12-03,130.03125,,,,129.9375,,,,,,,,,,,129.96875
2019-12-04,129.421875,,,,129.328125,,,,,,,,,,,129.40625
2019-12-05,129.3125,,,,129.21875,,,,,,,,,,,129.3125
2019-12-06,128.890625,,,,128.796875,,,,,,,,,,,128.90625
2019-12-09,128.96875,,,,128.875,,,,,,,,,,,129.0
2019-12-10,128.921875,,,,128.828125,,,,,,,,,,,128.9375
2019-12-11,129.28125,,,,129.1875,,,,,,,,,,,129.296875
2019-12-12,128.390625,,,,128.296875,,,,,,,,,,,128.4375
2019-12-13,129.03125,,,,128.921875,,,,,,,,,,,129.09375
2019-12-16,128.421875,,,,128.3125,,,,128.3125,,,,,,,128.53125
2019-12-17,128.453125,,,,128.34375,,,,128.34375,,,,,,,128.578125
2019-12-18,128.171875,,,,128.046875,,,,128.046875,,,,,,,128.328125
2019-12-19,128.3125,,,,128.171875,,,,128.171875,,,,,,,128.5625
2019-12-20,128.25,,,,128.109375,,,,128.109375,,,,,,,
2019-12-23,128.09375,,,,127.953125,,,,127.53125,,,,,,,
2019-12-24,128.3125,,,,128.171875,,,,127.75,,,,,,,
2019-12-26,128.375,,,,128.15625,,,,127.734375,,,,,,,
2019-12-27,128.65625,,,,128.4375,,,,128.015625,,,,,,,
2019-12-30,128.53125,,,,128.296875,,,,127.875,,,,,,,
2019-12-31,128.421875,,,,128.1875,,,,127.765625,,,,,,,
2020-01-02,128.625,,,,128.40625,,,,127.984375,,,,,,,
2020-01-03,129.390625,,,,129.1875,,,,128.765625,,,,,,,
2020-01-06,129.25,,,,129.046875,,,,128.625,,,,,,,
2020-01-07,129.15625,,,,128.953125,,,,128.53125,,,,,,,
2020-01-08,128.765625,,,,128.5625,,,,128.140625,,,,,,,
2020-01-09,128.890625,,,,128.6875,,,,128.265625,,,,,,,
2020-01-10,129.078125,,,,128.890625,,,,128.46875,,,,,,,
2020-01-13,128.921875,,,,128.71875,,,,128.296875,,,,,,,
2020-01-14,129.140625,,,,128.9375,,,,128.515625,,,,,,,
2020-01-15,129.34375,,,,129.15625,,,,128.734375,,,,,,,
2020-01-16,129.15625,,,,128.96875,,,,128.546875,,,,,,,
2020-01-17,129.046875,,,,128.859375,,,,128.4375,,,,,,,
2020-01-21,129.578125,,,,129.40625,,,,128.984375,,,,,,,
2020-01-22,129.546875,,,,129.375,,,,128.953125,,,,,,,
2020-01-23,129.78125,,,,129.609375,,,,129.1875,,,,,,,
2020-01-24,130.28125,,,,130.125,,,,129.703125,,,,,,,
2020-01-27,130.890625,,,,130.75,,,,130.328125,,,,,,,
2020-01-28,130.609375,,,,130.453125,,,,130.03125,,,,,,,
2020-01-29,131.015625,,,,130.875,,,,130.453125,,,,,,,
2020-01-30,131.3125,,,,131.1875,,,,130.765625,,,,,,,
2020-01-31,131.65625,,,,131.53125,,,,131.109375,,,,,,,
2020-02-03,131.578125,,,,131.453125,,,,131.03125,,,,,,,
2020-02-04,130.890625,,,,130.75,,,,130.328125,,,,,,,
2020-02-05,130.546875,,,,130.390625,,,,129.96875,,,,,,,
2020-02-06,130.5625,,,,130.40625,,,,129.984375,,,,,,,
2020-02-07,131.078125,,,,130.953125,,,,130.53125,,,,,,,
2020-02-10,131.359375,,,,131.234375,,,,130.8125,,,,,,,
2020-02-11,131.0,,,,130.875,,,,130.453125,,,,,,,
2020-02-12,130.6875,,,,130.5625,,,,130.140625,,,,,,,
2020-02-13,130.765625,,,,130.640625,,,,130.21875,,,,,,,
2020-02-14,130.984375,,,,130.859375,,,,130.4375,,,,,,,
2020-02-18,131.203125,,,,131.078125,,,,130.65625,,,,,,,
2020-02-19,131.078125,,,,130.953125,,,,130.53125,,,,,,,
2020-02-20,131.4375,,,,131.328125,,,,130.90625,,,,,,,
2020-02-21,131.859375,,,,131.75,,,,131.328125,,,,,,,
2020-02-24,132.65625,,,,132.5625,,,,132.140625,,,,,,,
2020-02-25,133.125,,,,133.015625,,,,132.59375,,,,,,,
2020-02-26,133.328125,,,,133.21875,,,,132.796875,,,,,,,
2020-02-27,133.4375,,,,133.328125,,,,132.90625,,,,,,,
2020-02-28,134.84375,,,,134.75,,,,134.328125,,,,,,,
2020-03-02,135.265625,,,,135.109375,,,,134.6875,,,,,,,
2020-03-03,136.0,,,,135.75,,,,135.328125,,,,,,,
2020-03-04,136.25,,,,136.0,,,,135.578125,,,,,,,
2020-03-05,136.765625,,,,136.53125,,,,136.109375,,,,,,,
2020-03-06,138.046875,,,,137.921875,,,,137.5,,,,,,,
2020-03-09,139.296875,,,,139.453125,,,,139.03125,,,,,,,
2020-03-10,137.546875,,,,137.625,,,,137.203125,,,,,,,
2020-03-11,137.140625,,,,137.390625,,,,136.96875,,,,,,,
2020-03-12,136.890625,,,,137.25,,,,136.828125,,,,,,,
2020-03-13,135.796875,,,,136.28125,,,,135.859375,,,,,,,
2020-03-16,138.0625,,,,137.96875,,,,137.546875,,,,1.6875,,,
2020-03-17,136.0625,,,,135.890625,,,,135.515625,,,,135.515625,,,
2020-03-18,134.375,,,,134.078125,,,,133.703125,,,,133.703125,,,
2020-03-19,135.3125,,,,135.21875,,,,134.84375,,,,134.84375,,,
2020-03-20,136.5,,,,136.734375,,,,136.359375,,,,136.359375,,,
2020-03-23,,,,,138.203125,,,,137.828125,,,,137.828125,,,
2020-03-24,,,,,137.453125,,,,137.078125,,,,137.078125,,,
2020-03-25,,,,,137.34375,,,,136.96875,,,,136.96875,,,
2020-03-26,,,,,137.734375,,,,137.359375,,,,137.359375,,,
2020-03-27,,,,,138.265625,,,,137.890625,,,,137.890625,,,
2020-03-30,,,,,138.828125,,,,138.453125,,,,138.453125,,,
2020-03-31,,,,,138.6875,,,,138.3125,,,,138.3125,,,
2020-04-01,,,,,138.984375,,,,138.609375,,,,138.609375,,,
2020-04-02,,,,,138.890625,,,,138.515625,,,,138.515625,,,
2020-04-03,,,,,139.140625,,,,138.765625,,,,138.765625,,,
2020-04-06,,,,,138.40625,,,,138.03125,,,,138.03125,,,
2020-04-07,,,,,137.90625,,,,137.71875,,,,137.71875,,,
2020-04-08,,,,,137.84375,,,,137.65625,,,,137.65625,,,
2020-04-09,,,,,138.25,,,,138.0625,,,,138.0625,,,
2020-04-13,,,,,138.078125,,,,137.859375,,,,137.859375,,,
2020-04-14,,,,,138.21875,,,,137.953125,,,,137.953125,,,
2020-04-15,,,,,139.15625,,,,138.9375,,,,138.9375,,,
2020-04-16,,,,,139.234375,,,,139.015625,,,,139.015625,,,
2020-04-17,,,,,138.890625,,,,138.6875,,,,138.6875,,,
2020-04-20,,,,,139.109375,,,,138.90625,,,,138.90625,,,
2020-04-21,,,,,139.390625,,,,139.203125,,,,139.203125,,,
2020-04-22,,,,,139.046875,,,,138.84375,,,,138.84375,,,
2020-04-23,,,,,139.015625,,,,138.8125,,,,138.8125,,,
2020-04-24,,,,,139.109375,,,,138.90625,,,,138.90625,,,
2020-04-27,,,,,138.65625,,,,138.4375,,,,138.4375,,,
2020-04-28,,,,,139.015625,,,,138.8125,,,,138.8125,,,
2020-04-29,,,,,138.96875,,,,138.75,,,,138.75,,,
2020-04-30,,,,,139.0625,,,,138.84375,,,,138.84375,,,
2020-05-01,,,,,138.875,,,,138.640625,,,,138.625,,,
2020-05-04,,,,,138.96875,,,,138.734375,,,,138.71875,,,
2020-05-05,,,,,138.859375,,,,138.625,,,,138.609375,,,
2020-05-06,,,,,138.546875,,,,138.296875,,,,138.28125,,,
2020-05-07,,,,,139.296875,,,,139.0625,,,,139.046875,,,
2020-05-08,,,,,138.953125,,,,138.703125,,,,138.6875,,,
2020-05-11,,,,,138.625,,,,138.375,,,,138.359375,,,
2020-05-12,,,,,138.953125,,,,138.703125,,,,138.6875,,,
2020-05-13,,,,,139.21875,,,,138.984375,,,,138.96875,,,
2020-05-14,,,,,139.421875,,,,139.1875,,,,139.171875,,,
2020-05-15,,,,,139.328125,,,,139.09375,,,,139.078125,,,
2020-05-18,,,,,138.59375,,,,138.3125,,,,138.296875,,,
2020-05-19,,,,,138.859375,,,,138.578125,,,,138.5625,,,
2020-05-20,,,,,139.078125,,,,138.78125,,,,138.765625,,,
2020-05-21,,,,,139.0625,,,,138.78125,,,,138.765625,,,
2020-05-22,,,,,139.15625,,,,138.890625,,,,138.875,,,
2020-05-26,,,,,138.953125,,,,138.6875,,,,138.671875,,,
2020-05-27,,,,,139.125,,,,138.84375,,,,138.828125,,,
2020-05-28,,,,,138.953125,,,,138.65625,,,,138.640625,,,
2020-05-29,,,,,139.375,,,,139.0625,,,,139.046875,,,
2020-06-01,,,,,139.328125,,,,139.015625,,,,139.0,,,
2020-06-02,,,,,139.1875,,,,138.859375,,,,138.84375,,,
2020-06-03,,,,,138.5625,,,,138.1875,,,,138.171875,,,
2020-06-04,,,,,138.203125,,,,137.796875,,,,137.78125,,,
2020-06-05,,,,,137.546875,,,,137.09375,,,,137.078125,,,
2020-06-08,,,,,137.734375,,,,137.296875,,,,137.28125,,,
2020-06-09,,,,,138.15625,,,,137.71875,,,,137.703125,,,
2020-06-10,,,,,138.875,,,,138.484375,,,,138.46875,,,
2020-06-11,,,,,139.421875,,,,139.046875,,,,139.03125,,,
2020-06-12,,,,,139.109375,,,,138.734375,,,,138.71875,,,
2020-06-15,,,,,139.109375,,,,138.734375,,,,138.71875,,,
2020-06-16,,,,,138.796875,,,,138.4375,,,,138.421875,,,
2020-06-17,,,,,138.96875,,,,138.59375,,,,138.578125,,,
2020-06-18,,,,,139.203125,,,,138.828125,,,,138.8125,,,
2020-06-19,,,,,139.15625,,,,138.78125,,,,138.765625,,,
2020-06-22,,,,,,,,,138.703125,,,,138.6875,,,
2020-06-23,,,,,,,,,138.75,,,,138.734375,,,
